--------------------------------------------------------
--  File created - Sunday-December-11-2016   
--------------------------------------------------------
--------------------------------------------------------
--  DDL for Sequence RECIPEID
--------------------------------------------------------

   CREATE SEQUENCE  "COMP214F16_001_P_17"."RECIPEID"  MINVALUE 1021 MAXVALUE 99999999 INCREMENT BY 1 START WITH 1155 NOCACHE  NOORDER  NOCYCLE  NOPARTITION ;
--------------------------------------------------------
--  DDL for Sequence RECIPES_ID_SEQ
--------------------------------------------------------

   CREATE SEQUENCE  "COMP214F16_001_P_17"."RECIPES_ID_SEQ"  MINVALUE 1 MAXVALUE 9999999999999999999999999999 INCREMENT BY 1 START WITH 1041 CACHE 20 NOORDER  NOCYCLE  NOPARTITION ;
--------------------------------------------------------
--  DDL for Sequence INGREDIENTS_ID_SEQ
--------------------------------------------------------

   CREATE SEQUENCE  "COMP214F16_001_P_17"."INGREDIENTS_ID_SEQ"  MINVALUE 1 MAXVALUE 9999999999999999999999999999 INCREMENT BY 1 START WITH 2143 CACHE 20 NOORDER  NOCYCLE  NOPARTITION ;
--------------------------------------------------------
--  DDL for Sequence USERS_ID_SEQ
--------------------------------------------------------

   CREATE SEQUENCE  "COMP214F16_001_P_17"."USERS_ID_SEQ"  MINVALUE 1 MAXVALUE 9999999999999999999999999999 INCREMENT BY 1 START WITH 3021 CACHE 20 NOORDER  NOCYCLE  NOPARTITION ;
--------------------------------------------------------
--  DDL for Sequence USER_ID_SEQ
--------------------------------------------------------

   CREATE SEQUENCE  "COMP214F16_001_P_17"."USER_ID_SEQ"  MINVALUE 1 MAXVALUE 9999999999999999999999999999 INCREMENT BY 1 START WITH 3020 CACHE 20 NOORDER  NOCYCLE  NOPARTITION ;
--------------------------------------------------------
--  DDL for Sequence CATEGORIES_ID_SEQ
--------------------------------------------------------

   CREATE SEQUENCE  "COMP214F16_001_P_17"."CATEGORIES_ID_SEQ"  MINVALUE 1 MAXVALUE 9999999999999999999999999999 INCREMENT BY 1 START WITH 5142 CACHE 20 NOORDER  NOCYCLE  NOPARTITION ;
--------------------------------------------------------
--  DDL for Sequence BRIDGEID
--------------------------------------------------------

   CREATE SEQUENCE  "COMP214F16_001_P_17"."BRIDGEID"  MINVALUE 1 MAXVALUE 9999999999999999999999999999 INCREMENT BY 1 START WITH 7082 NOCACHE  NOORDER  NOCYCLE  NOPARTITION ;
--------------------------------------------------------
--  DDL for Table RECIPE
--------------------------------------------------------

  CREATE TABLE "COMP214F16_001_P_17"."RECIPE" 
   (	"RECIPEID" NUMBER(4,0), 
	"RECIPENAME" VARCHAR2(20 BYTE), 
	"AUTHORNAME" VARCHAR2(20 BYTE), 
	"CATEGORY" VARCHAR2(20 BYTE), 
	"COOKINGTIME" VARCHAR2(20 BYTE), 
	"SERVINGNUMBER" VARCHAR2(20 BYTE), 
	"DESCRIPTION" VARCHAR2(100 BYTE)
   ) SEGMENT CREATION IMMEDIATE 
  PCTFREE 10 PCTUSED 40 INITRANS 1 MAXTRANS 255 
 NOCOMPRESS LOGGING
  STORAGE(INITIAL 65536 NEXT 1048576 MINEXTENTS 1 MAXEXTENTS 2147483645
  PCTINCREASE 0 FREELISTS 1 FREELIST GROUPS 1
  BUFFER_POOL DEFAULT FLASH_CACHE DEFAULT CELL_FLASH_CACHE DEFAULT)
  TABLESPACE "USERS" ;
--------------------------------------------------------
--  DDL for Table RECIPE2
--------------------------------------------------------

  CREATE TABLE "COMP214F16_001_P_17"."RECIPE2" 
   (	"RECIPEID" NUMBER(5,0), 
	"RECIPENAME" VARCHAR2(20 BYTE), 
	"USERID" NUMBER(5,0), 
	"CATEGORYID" NUMBER(5,0), 
	"COOKINGTIME" VARCHAR2(10 BYTE), 
	"SERVINGTIME" VARCHAR2(10 BYTE), 
	"DESCRIPTION" VARCHAR2(100 BYTE)
   ) SEGMENT CREATION IMMEDIATE 
  PCTFREE 10 PCTUSED 40 INITRANS 1 MAXTRANS 255 
 NOCOMPRESS LOGGING
  STORAGE(INITIAL 65536 NEXT 1048576 MINEXTENTS 1 MAXEXTENTS 2147483645
  PCTINCREASE 0 FREELISTS 1 FREELIST GROUPS 1
  BUFFER_POOL DEFAULT FLASH_CACHE DEFAULT CELL_FLASH_CACHE DEFAULT)
  TABLESPACE "USERS" ;
--------------------------------------------------------
--  DDL for Table RECIPEANDINGREDIENT
--------------------------------------------------------

  CREATE TABLE "COMP214F16_001_P_17"."RECIPEANDINGREDIENT" 
   (	"BRIDGEID" NUMBER(5,0), 
	"RECIPEID" NUMBER(5,0), 
	"INGREDIENTID" NUMBER(5,0), 
	"QUANTITY" VARCHAR2(10 BYTE), 
	"UNIT" VARCHAR2(10 BYTE)
   ) SEGMENT CREATION IMMEDIATE 
  PCTFREE 10 PCTUSED 40 INITRANS 1 MAXTRANS 255 
 NOCOMPRESS LOGGING
  STORAGE(INITIAL 65536 NEXT 1048576 MINEXTENTS 1 MAXEXTENTS 2147483645
  PCTINCREASE 0 FREELISTS 1 FREELIST GROUPS 1
  BUFFER_POOL DEFAULT FLASH_CACHE DEFAULT CELL_FLASH_CACHE DEFAULT)
  TABLESPACE "USERS" ;
--------------------------------------------------------
--  DDL for Table RECIPES
--------------------------------------------------------

  CREATE TABLE "COMP214F16_001_P_17"."RECIPES" 
   (	"RECIPEID" NUMBER(5,0), 
	"RECIPENAME" VARCHAR2(20 BYTE), 
	"USERID" NUMBER(5,0), 
	"CATEGORYID" NUMBER(5,0), 
	"COOKINGTIME" VARCHAR2(10 BYTE), 
	"SERVINGTIME" VARCHAR2(10 BYTE), 
	"DESCRIPTION" VARCHAR2(100 BYTE)
   ) SEGMENT CREATION IMMEDIATE 
  PCTFREE 10 PCTUSED 40 INITRANS 1 MAXTRANS 255 
 NOCOMPRESS LOGGING
  STORAGE(INITIAL 65536 NEXT 1048576 MINEXTENTS 1 MAXEXTENTS 2147483645
  PCTINCREASE 0 FREELISTS 1 FREELIST GROUPS 1
  BUFFER_POOL DEFAULT FLASH_CACHE DEFAULT CELL_FLASH_CACHE DEFAULT)
  TABLESPACE "USERS" ;
--------------------------------------------------------
--  DDL for Table RECIPES_HIST
--------------------------------------------------------

  CREATE TABLE "COMP214F16_001_P_17"."RECIPES_HIST" 
   (	"RECIPEID" NUMBER(5,0), 
	"RECIPENAME" VARCHAR2(20 BYTE), 
	"USERID" NUMBER(5,0), 
	"CATEGORYID" NUMBER(5,0), 
	"COOKINGTIME" VARCHAR2(10 BYTE), 
	"SERVINGTIME" VARCHAR2(10 BYTE), 
	"DESCRIPTION" VARCHAR2(100 BYTE), 
	"MODIFIED" DATE
   ) SEGMENT CREATION IMMEDIATE 
  PCTFREE 10 PCTUSED 40 INITRANS 1 MAXTRANS 255 
 NOCOMPRESS LOGGING
  STORAGE(INITIAL 65536 NEXT 1048576 MINEXTENTS 1 MAXEXTENTS 2147483645
  PCTINCREASE 0 FREELISTS 1 FREELIST GROUPS 1
  BUFFER_POOL DEFAULT FLASH_CACHE DEFAULT CELL_FLASH_CACHE DEFAULT)
  TABLESPACE "USERS" ;
--------------------------------------------------------
--  DDL for Table INGREDIENTS
--------------------------------------------------------

  CREATE TABLE "COMP214F16_001_P_17"."INGREDIENTS" 
   (	"INGREDIENTID" NUMBER(4,0), 
	"RECIPEID" NUMBER(4,0), 
	"INGREDIENTNAME" VARCHAR2(20 BYTE), 
	"QUANTITY" VARCHAR2(10 BYTE), 
	"UNITNAME" VARCHAR2(20 BYTE)
   ) SEGMENT CREATION IMMEDIATE 
  PCTFREE 10 PCTUSED 40 INITRANS 1 MAXTRANS 255 
 NOCOMPRESS LOGGING
  STORAGE(INITIAL 65536 NEXT 1048576 MINEXTENTS 1 MAXEXTENTS 2147483645
  PCTINCREASE 0 FREELISTS 1 FREELIST GROUPS 1
  BUFFER_POOL DEFAULT FLASH_CACHE DEFAULT CELL_FLASH_CACHE DEFAULT)
  TABLESPACE "USERS" ;
--------------------------------------------------------
--  DDL for Table INGREDIENTS_NEW
--------------------------------------------------------

  CREATE TABLE "COMP214F16_001_P_17"."INGREDIENTS_NEW" 
   (	"INGREDIENTID" NUMBER(5,0), 
	"INGREDIENTNAME" VARCHAR2(20 BYTE)
   ) SEGMENT CREATION IMMEDIATE 
  PCTFREE 10 PCTUSED 40 INITRANS 1 MAXTRANS 255 
 NOCOMPRESS LOGGING
  STORAGE(INITIAL 65536 NEXT 1048576 MINEXTENTS 1 MAXEXTENTS 2147483645
  PCTINCREASE 0 FREELISTS 1 FREELIST GROUPS 1
  BUFFER_POOL DEFAULT FLASH_CACHE DEFAULT CELL_FLASH_CACHE DEFAULT)
  TABLESPACE "USERS" ;
--------------------------------------------------------
--  DDL for Table USERS
--------------------------------------------------------

  CREATE TABLE "COMP214F16_001_P_17"."USERS" 
   (	"USERID" NUMBER(5,0), 
	"USERNAME" VARCHAR2(20 BYTE), 
	"EMAIL" VARCHAR2(20 BYTE), 
	"ADDRESS" VARCHAR2(50 BYTE), 
	"PHONENUMBER" VARCHAR2(30 BYTE), 
	"PASSWORD" VARCHAR2(20 BYTE), 
	"ROLE" VARCHAR2(20 BYTE)
   ) SEGMENT CREATION IMMEDIATE 
  PCTFREE 10 PCTUSED 40 INITRANS 1 MAXTRANS 255 
 NOCOMPRESS LOGGING
  STORAGE(INITIAL 65536 NEXT 1048576 MINEXTENTS 1 MAXEXTENTS 2147483645
  PCTINCREASE 0 FREELISTS 1 FREELIST GROUPS 1
  BUFFER_POOL DEFAULT FLASH_CACHE DEFAULT CELL_FLASH_CACHE DEFAULT)
  TABLESPACE "USERS" ;
--------------------------------------------------------
--  DDL for Table CATEGORIES
--------------------------------------------------------

  CREATE TABLE "COMP214F16_001_P_17"."CATEGORIES" 
   (	"CATEGORYID" NUMBER(5,0), 
	"CATEGORYNAME" VARCHAR2(20 BYTE)
   ) SEGMENT CREATION IMMEDIATE 
  PCTFREE 10 PCTUSED 40 INITRANS 1 MAXTRANS 255 
 NOCOMPRESS LOGGING
  STORAGE(INITIAL 65536 NEXT 1048576 MINEXTENTS 1 MAXEXTENTS 2147483645
  PCTINCREASE 0 FREELISTS 1 FREELIST GROUPS 1
  BUFFER_POOL DEFAULT FLASH_CACHE DEFAULT CELL_FLASH_CACHE DEFAULT)
  TABLESPACE "USERS" ;
--------------------------------------------------------
--  DDL for View RECIPES_VIEW
--------------------------------------------------------

  CREATE OR REPLACE FORCE EDITIONABLE VIEW "COMP214F16_001_P_17"."RECIPES_VIEW" ("RECIPEID", "RECIPENAME", "USERID", "CATEGORYID", "COOKINGTIME", "SERVINGTIME", "DESCRIPTION") AS 
  select r.RECIPEID,r.RECIPENAME,u.USERNAME,c.CATEGORYNAME,r.COOKINGTIME,r.SERVINGTIME,r.DESCRIPTION
from   recipes r,users u,CATEGORIES c
where r.USERID=u.USERID and r.CATEGORYID=c.CATEGORYID;
--------------------------------------------------------
--  DDL for View BRIDGE_VIEW
--------------------------------------------------------

  CREATE OR REPLACE FORCE EDITIONABLE VIEW "COMP214F16_001_P_17"."BRIDGE_VIEW" ("BRIDGEID", "RECIPEID", "INGREDIENT", "QUANTITY", "UNIT") AS 
  select b.bridgeid,b.RECIPEID,i.INGREDIENTNAME,b.QUANTITY,b.unit
from RECIPEANDINGREDIENT b,ingredients i
where b.INGREDIENTID=i.INGREDIENTID;
REM INSERTING into COMP214F16_001_P_17.RECIPE
SET DEFINE OFF;
Insert into COMP214F16_001_P_17.RECIPE (RECIPEID,RECIPENAME,AUTHORNAME,CATEGORY,COOKINGTIME,SERVINGNUMBER,DESCRIPTION) values (1002,'drink','Rimond','Canada','5 mins','2','coffee');
Insert into COMP214F16_001_P_17.RECIPE (RECIPEID,RECIPENAME,AUTHORNAME,CATEGORY,COOKINGTIME,SERVINGNUMBER,DESCRIPTION) values (1003,'FriedRice','Rimond','Chinese','10 mins','2','pepper and rice');
Insert into COMP214F16_001_P_17.RECIPE (RECIPEID,RECIPENAME,AUTHORNAME,CATEGORY,COOKINGTIME,SERVINGNUMBER,DESCRIPTION) values (1007,'Pizza','Tom','Italy','20 mins','2','Pizza');
REM INSERTING into COMP214F16_001_P_17.RECIPE2
SET DEFINE OFF;
Insert into COMP214F16_001_P_17.RECIPE2 (RECIPEID,RECIPENAME,USERID,CATEGORYID,COOKINGTIME,SERVINGTIME,DESCRIPTION) values (1021,'2222',3001,5001,null,null,null);
Insert into COMP214F16_001_P_17.RECIPE2 (RECIPEID,RECIPENAME,USERID,CATEGORYID,COOKINGTIME,SERVINGTIME,DESCRIPTION) values (1022,'2222',3002,5002,null,null,null);
Insert into COMP214F16_001_P_17.RECIPE2 (RECIPEID,RECIPENAME,USERID,CATEGORYID,COOKINGTIME,SERVINGTIME,DESCRIPTION) values (1035,'2222',3001,5001,null,null,null);
Insert into COMP214F16_001_P_17.RECIPE2 (RECIPEID,RECIPENAME,USERID,CATEGORYID,COOKINGTIME,SERVINGTIME,DESCRIPTION) values (1036,'2222',3001,5001,null,null,null);
Insert into COMP214F16_001_P_17.RECIPE2 (RECIPEID,RECIPENAME,USERID,CATEGORYID,COOKINGTIME,SERVINGTIME,DESCRIPTION) values (1023,'2222',3003,5003,null,null,null);
Insert into COMP214F16_001_P_17.RECIPE2 (RECIPEID,RECIPENAME,USERID,CATEGORYID,COOKINGTIME,SERVINGTIME,DESCRIPTION) values (1037,'2222',3001,5001,null,null,null);
REM INSERTING into COMP214F16_001_P_17.RECIPEANDINGREDIENT
SET DEFINE OFF;
Insert into COMP214F16_001_P_17.RECIPEANDINGREDIENT (BRIDGEID,RECIPEID,INGREDIENTID,QUANTITY,UNIT) values (7070,1145,2001,'3','dfasd');
Insert into COMP214F16_001_P_17.RECIPEANDINGREDIENT (BRIDGEID,RECIPEID,INGREDIENTID,QUANTITY,UNIT) values (7068,1143,2001,'3','fsdaf');
Insert into COMP214F16_001_P_17.RECIPEANDINGREDIENT (BRIDGEID,RECIPEID,INGREDIENTID,QUANTITY,UNIT) values (7069,1143,2001,'5','fdsafd');
Insert into COMP214F16_001_P_17.RECIPEANDINGREDIENT (BRIDGEID,RECIPEID,INGREDIENTID,QUANTITY,UNIT) values (7071,1145,2001,'39','dfsdf');
Insert into COMP214F16_001_P_17.RECIPEANDINGREDIENT (BRIDGEID,RECIPEID,INGREDIENTID,QUANTITY,UNIT) values (7072,1145,2001,'39','fdsafd');
Insert into COMP214F16_001_P_17.RECIPEANDINGREDIENT (BRIDGEID,RECIPEID,INGREDIENTID,QUANTITY,UNIT) values (7073,1145,2001,'20','fdafds');
Insert into COMP214F16_001_P_17.RECIPEANDINGREDIENT (BRIDGEID,RECIPEID,INGREDIENTID,QUANTITY,UNIT) values (7074,1145,2001,'40','dgdf');
Insert into COMP214F16_001_P_17.RECIPEANDINGREDIENT (BRIDGEID,RECIPEID,INGREDIENTID,QUANTITY,UNIT) values (7075,1147,2001,'39','fdasf');
Insert into COMP214F16_001_P_17.RECIPEANDINGREDIENT (BRIDGEID,RECIPEID,INGREDIENTID,QUANTITY,UNIT) values (7076,1145,2001,'4','fsdasf');
Insert into COMP214F16_001_P_17.RECIPEANDINGREDIENT (BRIDGEID,RECIPEID,INGREDIENTID,QUANTITY,UNIT) values (7077,1145,2001,'4','fads');
Insert into COMP214F16_001_P_17.RECIPEANDINGREDIENT (BRIDGEID,RECIPEID,INGREDIENTID,QUANTITY,UNIT) values (7078,1145,2001,'45','vdgdgdf');
Insert into COMP214F16_001_P_17.RECIPEANDINGREDIENT (BRIDGEID,RECIPEID,INGREDIENTID,QUANTITY,UNIT) values (7079,1145,2001,'34','rtrt');
Insert into COMP214F16_001_P_17.RECIPEANDINGREDIENT (BRIDGEID,RECIPEID,INGREDIENTID,QUANTITY,UNIT) values (7081,1145,2001,'67','hgfhgfhg');
Insert into COMP214F16_001_P_17.RECIPEANDINGREDIENT (BRIDGEID,RECIPEID,INGREDIENTID,QUANTITY,UNIT) values (7060,1134,2083,'3','gfdsgfd');
Insert into COMP214F16_001_P_17.RECIPEANDINGREDIENT (BRIDGEID,RECIPEID,INGREDIENTID,QUANTITY,UNIT) values (7061,1134,2005,'4','fsadfsa');
Insert into COMP214F16_001_P_17.RECIPEANDINGREDIENT (BRIDGEID,RECIPEID,INGREDIENTID,QUANTITY,UNIT) values (7062,1134,2103,'4','fsadfsa');
Insert into COMP214F16_001_P_17.RECIPEANDINGREDIENT (BRIDGEID,RECIPEID,INGREDIENTID,QUANTITY,UNIT) values (7058,1134,2126,'4','gdfg');
Insert into COMP214F16_001_P_17.RECIPEANDINGREDIENT (BRIDGEID,RECIPEID,INGREDIENTID,QUANTITY,UNIT) values (7059,1134,2003,'67','gdfgf');
Insert into COMP214F16_001_P_17.RECIPEANDINGREDIENT (BRIDGEID,RECIPEID,INGREDIENTID,QUANTITY,UNIT) values (7063,1137,2001,'5','ghfdhg');
Insert into COMP214F16_001_P_17.RECIPEANDINGREDIENT (BRIDGEID,RECIPEID,INGREDIENTID,QUANTITY,UNIT) values (7064,1137,2001,'4','fgsdfg');
Insert into COMP214F16_001_P_17.RECIPEANDINGREDIENT (BRIDGEID,RECIPEID,INGREDIENTID,QUANTITY,UNIT) values (7080,1145,2001,'56','fdasfsa');
Insert into COMP214F16_001_P_17.RECIPEANDINGREDIENT (BRIDGEID,RECIPEID,INGREDIENTID,QUANTITY,UNIT) values (7067,1134,2001,'50','dsfs');
REM INSERTING into COMP214F16_001_P_17.RECIPES
SET DEFINE OFF;
Insert into COMP214F16_001_P_17.RECIPES (RECIPEID,RECIPENAME,USERID,CATEGORYID,COOKINGTIME,SERVINGTIME,DESCRIPTION) values (1145,'ee',3001,5001,'eee','eee','eeee');
Insert into COMP214F16_001_P_17.RECIPES (RECIPEID,RECIPENAME,USERID,CATEGORYID,COOKINGTIME,SERVINGTIME,DESCRIPTION) values (1146,'4',3001,5001,'44','44','444');
Insert into COMP214F16_001_P_17.RECIPES (RECIPEID,RECIPENAME,USERID,CATEGORYID,COOKINGTIME,SERVINGTIME,DESCRIPTION) values (1147,'hello',3001,5001,'qq','qqq','sdafdf');
Insert into COMP214F16_001_P_17.RECIPES (RECIPEID,RECIPENAME,USERID,CATEGORYID,COOKINGTIME,SERVINGTIME,DESCRIPTION) values (1148,'567',3001,5001,'567','hdgf','fdhg');
Insert into COMP214F16_001_P_17.RECIPES (RECIPEID,RECIPENAME,USERID,CATEGORYID,COOKINGTIME,SERVINGTIME,DESCRIPTION) values (1143,'ss',3001,5001,'sss','sss','sss');
Insert into COMP214F16_001_P_17.RECIPES (RECIPEID,RECIPENAME,USERID,CATEGORYID,COOKINGTIME,SERVINGTIME,DESCRIPTION) values (1144,'aa',3001,5001,'aa','aa','aaaa');
Insert into COMP214F16_001_P_17.RECIPES (RECIPEID,RECIPENAME,USERID,CATEGORYID,COOKINGTIME,SERVINGTIME,DESCRIPTION) values (1149,'qwwwww',3001,5001,'dsaD','DSAD','DASDSa');
Insert into COMP214F16_001_P_17.RECIPES (RECIPEID,RECIPENAME,USERID,CATEGORYID,COOKINGTIME,SERVINGTIME,DESCRIPTION) values (1150,'123',3001,5001,'fdsagdas','fdsfadsf','sdfsdsf');
Insert into COMP214F16_001_P_17.RECIPES (RECIPEID,RECIPENAME,USERID,CATEGORYID,COOKINGTIME,SERVINGTIME,DESCRIPTION) values (1151,'dadsf',3001,5001,'dsaf','fdsa','fdsffdsaf');
Insert into COMP214F16_001_P_17.RECIPES (RECIPEID,RECIPENAME,USERID,CATEGORYID,COOKINGTIME,SERVINGTIME,DESCRIPTION) values (1152,'fdafds',3001,5001,'fdsagdas','fdsasf','fadsfdsaf');
Insert into COMP214F16_001_P_17.RECIPES (RECIPEID,RECIPENAME,USERID,CATEGORYID,COOKINGTIME,SERVINGTIME,DESCRIPTION) values (1134,'l',3001,5001,'l','l','l');
Insert into COMP214F16_001_P_17.RECIPES (RECIPEID,RECIPENAME,USERID,CATEGORYID,COOKINGTIME,SERVINGTIME,DESCRIPTION) values (1135,'FriedEgg',3001,5001,'5 mins','fdsfa','fdsafdsa');
Insert into COMP214F16_001_P_17.RECIPES (RECIPEID,RECIPENAME,USERID,CATEGORYID,COOKINGTIME,SERVINGTIME,DESCRIPTION) values (1136,'l',3001,5001,'lknl','l','lll');
Insert into COMP214F16_001_P_17.RECIPES (RECIPEID,RECIPENAME,USERID,CATEGORYID,COOKINGTIME,SERVINGTIME,DESCRIPTION) values (1137,'kkkkkk',3001,5001,'kjh','kjg','kkk');
Insert into COMP214F16_001_P_17.RECIPES (RECIPEID,RECIPENAME,USERID,CATEGORYID,COOKINGTIME,SERVINGTIME,DESCRIPTION) values (1138,'qq',3001,5001,'qq','qqq','qqqqqqqqqqqqq');
Insert into COMP214F16_001_P_17.RECIPES (RECIPEID,RECIPENAME,USERID,CATEGORYID,COOKINGTIME,SERVINGTIME,DESCRIPTION) values (1139,'ee',3001,5001,'e','e','ee');
Insert into COMP214F16_001_P_17.RECIPES (RECIPEID,RECIPENAME,USERID,CATEGORYID,COOKINGTIME,SERVINGTIME,DESCRIPTION) values (1140,'ee',3001,5001,'fdas','fdsa','fdsfa');
Insert into COMP214F16_001_P_17.RECIPES (RECIPEID,RECIPENAME,USERID,CATEGORYID,COOKINGTIME,SERVINGTIME,DESCRIPTION) values (1153,'fdsgfd',3001,5001,'dfsaf','fdsaf','fdsafa');
Insert into COMP214F16_001_P_17.RECIPES (RECIPEID,RECIPENAME,USERID,CATEGORYID,COOKINGTIME,SERVINGTIME,DESCRIPTION) values (1132,'snowball',3001,5001,'5','ghghgf','hdfhg');
Insert into COMP214F16_001_P_17.RECIPES (RECIPEID,RECIPENAME,USERID,CATEGORYID,COOKINGTIME,SERVINGTIME,DESCRIPTION) values (1133,'gii',3001,5001,'gfdsg','gg','ggg');
Insert into COMP214F16_001_P_17.RECIPES (RECIPEID,RECIPENAME,USERID,CATEGORYID,COOKINGTIME,SERVINGTIME,DESCRIPTION) values (1154,'ggg',3001,5001,'gg','ggg','gfgfgfd');
Insert into COMP214F16_001_P_17.RECIPES (RECIPEID,RECIPENAME,USERID,CATEGORYID,COOKINGTIME,SERVINGTIME,DESCRIPTION) values (1141,'gfdsgdfs',3001,5001,'g','g','gg');
Insert into COMP214F16_001_P_17.RECIPES (RECIPEID,RECIPENAME,USERID,CATEGORYID,COOKINGTIME,SERVINGTIME,DESCRIPTION) values (1142,'aa',3001,5001,'a','aa','BBBB');
REM INSERTING into COMP214F16_001_P_17.RECIPES_HIST
SET DEFINE OFF;
Insert into COMP214F16_001_P_17.RECIPES_HIST (RECIPEID,RECIPENAME,USERID,CATEGORYID,COOKINGTIME,SERVINGTIME,DESCRIPTION,MODIFIED) values (1152,'fdafds',3001,5001,'fdsagdas','fdsasf','fadsfdsaf',to_date('11-DEC-2016','DD-MON-YYYY'));
Insert into COMP214F16_001_P_17.RECIPES_HIST (RECIPEID,RECIPENAME,USERID,CATEGORYID,COOKINGTIME,SERVINGTIME,DESCRIPTION,MODIFIED) values (1142,'aa',3001,5001,'a','aa','BBBB',to_date('11-DEC-2016','DD-MON-YYYY'));
Insert into COMP214F16_001_P_17.RECIPES_HIST (RECIPEID,RECIPENAME,USERID,CATEGORYID,COOKINGTIME,SERVINGTIME,DESCRIPTION,MODIFIED) values (1153,'fdsgfd',3001,5001,'dfsaf','fdsaf','fdsafa',to_date('11-DEC-2016','DD-MON-YYYY'));
Insert into COMP214F16_001_P_17.RECIPES_HIST (RECIPEID,RECIPENAME,USERID,CATEGORYID,COOKINGTIME,SERVINGTIME,DESCRIPTION,MODIFIED) values (1154,'ggg',3001,5001,'gg','ggg','gfgfgfd',to_date('11-DEC-2016','DD-MON-YYYY'));
REM INSERTING into COMP214F16_001_P_17.RECIPES_VIEW
SET DEFINE OFF;
Insert into COMP214F16_001_P_17.RECIPES_VIEW (RECIPEID,RECIPENAME,USERID,CATEGORYID,COOKINGTIME,SERVINGTIME,DESCRIPTION) values (1146,'4','Mary','Canadian','44','44','444');
Insert into COMP214F16_001_P_17.RECIPES_VIEW (RECIPEID,RECIPENAME,USERID,CATEGORYID,COOKINGTIME,SERVINGTIME,DESCRIPTION) values (1141,'gfdsgdfs','Mary','Canadian','g','g','gg');
Insert into COMP214F16_001_P_17.RECIPES_VIEW (RECIPEID,RECIPENAME,USERID,CATEGORYID,COOKINGTIME,SERVINGTIME,DESCRIPTION) values (1154,'ggg','Mary','Canadian','gg','ggg','gfgfgfd');
Insert into COMP214F16_001_P_17.RECIPES_VIEW (RECIPEID,RECIPENAME,USERID,CATEGORYID,COOKINGTIME,SERVINGTIME,DESCRIPTION) values (1133,'gii','Mary','Canadian','gfdsg','gg','ggg');
Insert into COMP214F16_001_P_17.RECIPES_VIEW (RECIPEID,RECIPENAME,USERID,CATEGORYID,COOKINGTIME,SERVINGTIME,DESCRIPTION) values (1132,'snowball','Mary','Canadian','5','ghghgf','hdfhg');
Insert into COMP214F16_001_P_17.RECIPES_VIEW (RECIPEID,RECIPENAME,USERID,CATEGORYID,COOKINGTIME,SERVINGTIME,DESCRIPTION) values (1153,'fdsgfd','Mary','Canadian','dfsaf','fdsaf','fdsafa');
Insert into COMP214F16_001_P_17.RECIPES_VIEW (RECIPEID,RECIPENAME,USERID,CATEGORYID,COOKINGTIME,SERVINGTIME,DESCRIPTION) values (1140,'ee','Mary','Canadian','fdas','fdsa','fdsfa');
Insert into COMP214F16_001_P_17.RECIPES_VIEW (RECIPEID,RECIPENAME,USERID,CATEGORYID,COOKINGTIME,SERVINGTIME,DESCRIPTION) values (1139,'ee','Mary','Canadian','e','e','ee');
Insert into COMP214F16_001_P_17.RECIPES_VIEW (RECIPEID,RECIPENAME,USERID,CATEGORYID,COOKINGTIME,SERVINGTIME,DESCRIPTION) values (1138,'qq','Mary','Canadian','qq','qqq','qqqqqqqqqqqqq');
Insert into COMP214F16_001_P_17.RECIPES_VIEW (RECIPEID,RECIPENAME,USERID,CATEGORYID,COOKINGTIME,SERVINGTIME,DESCRIPTION) values (1137,'kkkkkk','Mary','Canadian','kjh','kjg','kkk');
Insert into COMP214F16_001_P_17.RECIPES_VIEW (RECIPEID,RECIPENAME,USERID,CATEGORYID,COOKINGTIME,SERVINGTIME,DESCRIPTION) values (1136,'l','Mary','Canadian','lknl','l','lll');
Insert into COMP214F16_001_P_17.RECIPES_VIEW (RECIPEID,RECIPENAME,USERID,CATEGORYID,COOKINGTIME,SERVINGTIME,DESCRIPTION) values (1135,'FriedEgg','Mary','Canadian','5 mins','fdsfa','fdsafdsa');
Insert into COMP214F16_001_P_17.RECIPES_VIEW (RECIPEID,RECIPENAME,USERID,CATEGORYID,COOKINGTIME,SERVINGTIME,DESCRIPTION) values (1134,'l','Mary','Canadian','l','l','l');
Insert into COMP214F16_001_P_17.RECIPES_VIEW (RECIPEID,RECIPENAME,USERID,CATEGORYID,COOKINGTIME,SERVINGTIME,DESCRIPTION) values (1152,'fdafds','Mary','Canadian','fdsagdas','fdsasf','fadsfdsaf');
Insert into COMP214F16_001_P_17.RECIPES_VIEW (RECIPEID,RECIPENAME,USERID,CATEGORYID,COOKINGTIME,SERVINGTIME,DESCRIPTION) values (1151,'dadsf','Mary','Canadian','dsaf','fdsa','fdsffdsaf');
Insert into COMP214F16_001_P_17.RECIPES_VIEW (RECIPEID,RECIPENAME,USERID,CATEGORYID,COOKINGTIME,SERVINGTIME,DESCRIPTION) values (1150,'123','Mary','Canadian','fdsagdas','fdsfadsf','sdfsdsf');
Insert into COMP214F16_001_P_17.RECIPES_VIEW (RECIPEID,RECIPENAME,USERID,CATEGORYID,COOKINGTIME,SERVINGTIME,DESCRIPTION) values (1149,'qwwwww','Mary','Canadian','dsaD','DSAD','DASDSa');
Insert into COMP214F16_001_P_17.RECIPES_VIEW (RECIPEID,RECIPENAME,USERID,CATEGORYID,COOKINGTIME,SERVINGTIME,DESCRIPTION) values (1144,'aa','Mary','Canadian','aa','aa','aaaa');
Insert into COMP214F16_001_P_17.RECIPES_VIEW (RECIPEID,RECIPENAME,USERID,CATEGORYID,COOKINGTIME,SERVINGTIME,DESCRIPTION) values (1143,'ss','Mary','Canadian','sss','sss','sss');
Insert into COMP214F16_001_P_17.RECIPES_VIEW (RECIPEID,RECIPENAME,USERID,CATEGORYID,COOKINGTIME,SERVINGTIME,DESCRIPTION) values (1148,'567','Mary','Canadian','567','hdgf','fdhg');
Insert into COMP214F16_001_P_17.RECIPES_VIEW (RECIPEID,RECIPENAME,USERID,CATEGORYID,COOKINGTIME,SERVINGTIME,DESCRIPTION) values (1147,'hello','Mary','Canadian','qq','qqq','sdafdf');
Insert into COMP214F16_001_P_17.RECIPES_VIEW (RECIPEID,RECIPENAME,USERID,CATEGORYID,COOKINGTIME,SERVINGTIME,DESCRIPTION) values (1142,'aa','Mary','Canadian','a','aa','BBBB');
Insert into COMP214F16_001_P_17.RECIPES_VIEW (RECIPEID,RECIPENAME,USERID,CATEGORYID,COOKINGTIME,SERVINGTIME,DESCRIPTION) values (1145,'ee','Mary','Canadian','eee','eee','eeee');
REM INSERTING into COMP214F16_001_P_17.INGREDIENTS
SET DEFINE OFF;
Insert into COMP214F16_001_P_17.INGREDIENTS (INGREDIENTID,RECIPEID,INGREDIENTNAME,QUANTITY,UNITNAME) values (2011,1002,'coffee','50','gram');
Insert into COMP214F16_001_P_17.INGREDIENTS (INGREDIENTID,RECIPEID,INGREDIENTNAME,QUANTITY,UNITNAME) values (2012,1002,'sugar','50','g');
Insert into COMP214F16_001_P_17.INGREDIENTS (INGREDIENTID,RECIPEID,INGREDIENTNAME,QUANTITY,UNITNAME) values (2013,1003,'pepper','50','gram');
REM INSERTING into COMP214F16_001_P_17.INGREDIENTS_NEW
SET DEFINE OFF;
Insert into COMP214F16_001_P_17.INGREDIENTS_NEW (INGREDIENTID,INGREDIENTNAME) values (2001,'salt');
Insert into COMP214F16_001_P_17.INGREDIENTS_NEW (INGREDIENTID,INGREDIENTNAME) values (2002,'oil');
Insert into COMP214F16_001_P_17.INGREDIENTS_NEW (INGREDIENTID,INGREDIENTNAME) values (2003,'powder');
Insert into COMP214F16_001_P_17.INGREDIENTS_NEW (INGREDIENTID,INGREDIENTNAME) values (2004,'rice');
Insert into COMP214F16_001_P_17.INGREDIENTS_NEW (INGREDIENTID,INGREDIENTNAME) values (2005,'potato');
Insert into COMP214F16_001_P_17.INGREDIENTS_NEW (INGREDIENTID,INGREDIENTNAME) values (2083,'Coffee');
Insert into COMP214F16_001_P_17.INGREDIENTS_NEW (INGREDIENTID,INGREDIENTNAME) values (2042,'suger');
Insert into COMP214F16_001_P_17.INGREDIENTS_NEW (INGREDIENTID,INGREDIENTNAME) values (2084,'fdsfd');
Insert into COMP214F16_001_P_17.INGREDIENTS_NEW (INGREDIENTID,INGREDIENTNAME) values (2103,'pizza');
Insert into COMP214F16_001_P_17.INGREDIENTS_NEW (INGREDIENTID,INGREDIENTNAME) values (2043,'testing');
Insert into COMP214F16_001_P_17.INGREDIENTS_NEW (INGREDIENTID,INGREDIENTNAME) values (2063,'suger3');
Insert into COMP214F16_001_P_17.INGREDIENTS_NEW (INGREDIENTID,INGREDIENTNAME) values (2127,'hi');
Insert into COMP214F16_001_P_17.INGREDIENTS_NEW (INGREDIENTID,INGREDIENTNAME) values (2123,'yu');
Insert into COMP214F16_001_P_17.INGREDIENTS_NEW (INGREDIENTID,INGREDIENTNAME) values (2124,'yu4');
Insert into COMP214F16_001_P_17.INGREDIENTS_NEW (INGREDIENTID,INGREDIENTNAME) values (2125,'yu4');
Insert into COMP214F16_001_P_17.INGREDIENTS_NEW (INGREDIENTID,INGREDIENTNAME) values (2126,'woo');
REM INSERTING into COMP214F16_001_P_17.USERS
SET DEFINE OFF;
Insert into COMP214F16_001_P_17.USERS (USERID,USERNAME,EMAIL,ADDRESS,PHONENUMBER,PASSWORD,ROLE) values (3001,'Mary','mary@gmail.com','123 bay street','416-123456','password','N');
Insert into COMP214F16_001_P_17.USERS (USERID,USERNAME,EMAIL,ADDRESS,PHONENUMBER,PASSWORD,ROLE) values (3002,'Andrew','andrew@gmail.com','2 foxglove crt','416-444666','password','N');
Insert into COMP214F16_001_P_17.USERS (USERID,USERNAME,EMAIL,ADDRESS,PHONENUMBER,PASSWORD,ROLE) values (3003,'Grace','grace@gmail.com','1 fairway st','416-4447777','password','N');
Insert into COMP214F16_001_P_17.USERS (USERID,USERNAME,EMAIL,ADDRESS,PHONENUMBER,PASSWORD,ROLE) values (3004,'Virginia','virginia@gmail.com','1 fairway st','416-888888','password','N');
REM INSERTING into COMP214F16_001_P_17.CATEGORIES
SET DEFINE OFF;
Insert into COMP214F16_001_P_17.CATEGORIES (CATEGORYID,CATEGORYNAME) values (5001,'Canadian');
Insert into COMP214F16_001_P_17.CATEGORIES (CATEGORYID,CATEGORYNAME) values (5002,'Chinese');
Insert into COMP214F16_001_P_17.CATEGORIES (CATEGORYID,CATEGORYNAME) values (5003,'Indian');
Insert into COMP214F16_001_P_17.CATEGORIES (CATEGORYID,CATEGORYNAME) values (5035,'American');
Insert into COMP214F16_001_P_17.CATEGORIES (CATEGORYID,CATEGORYNAME) values (5038,'Europe');
Insert into COMP214F16_001_P_17.CATEGORIES (CATEGORYID,CATEGORYNAME) values (5041,'Canada');
Insert into COMP214F16_001_P_17.CATEGORIES (CATEGORYID,CATEGORYNAME) values (5042,'Japan');
Insert into COMP214F16_001_P_17.CATEGORIES (CATEGORYID,CATEGORYNAME) values (5043,'afri');
Insert into COMP214F16_001_P_17.CATEGORIES (CATEGORYID,CATEGORYNAME) values (5044,'Korea');
Insert into COMP214F16_001_P_17.CATEGORIES (CATEGORYID,CATEGORYNAME) values (5062,'France');
Insert into COMP214F16_001_P_17.CATEGORIES (CATEGORYID,CATEGORYNAME) values (5082,'whatever');
Insert into COMP214F16_001_P_17.CATEGORIES (CATEGORYID,CATEGORYNAME) values (5102,'England');
REM INSERTING into COMP214F16_001_P_17.BRIDGE_VIEW
SET DEFINE OFF;
--------------------------------------------------------
--  DDL for Index RECIPES_ID_PK
--------------------------------------------------------

  CREATE UNIQUE INDEX "COMP214F16_001_P_17"."RECIPES_ID_PK" ON "COMP214F16_001_P_17"."RECIPES" ("RECIPEID") 
  PCTFREE 10 INITRANS 2 MAXTRANS 255 COMPUTE STATISTICS 
  STORAGE(INITIAL 65536 NEXT 1048576 MINEXTENTS 1 MAXEXTENTS 2147483645
  PCTINCREASE 0 FREELISTS 1 FREELIST GROUPS 1
  BUFFER_POOL DEFAULT FLASH_CACHE DEFAULT CELL_FLASH_CACHE DEFAULT)
  TABLESPACE "USERS" ;
--------------------------------------------------------
--  DDL for Index CATEGORY_UNIQUE_NAME
--------------------------------------------------------

  CREATE UNIQUE INDEX "COMP214F16_001_P_17"."CATEGORY_UNIQUE_NAME" ON "COMP214F16_001_P_17"."CATEGORIES" ("CATEGORYNAME") 
  PCTFREE 10 INITRANS 2 MAXTRANS 255 COMPUTE STATISTICS 
  STORAGE(INITIAL 65536 NEXT 1048576 MINEXTENTS 1 MAXEXTENTS 2147483645
  PCTINCREASE 0 FREELISTS 1 FREELIST GROUPS 1
  BUFFER_POOL DEFAULT FLASH_CACHE DEFAULT CELL_FLASH_CACHE DEFAULT)
  TABLESPACE "USERS" ;
--------------------------------------------------------
--  DDL for Index BRIDGE_PK
--------------------------------------------------------

  CREATE UNIQUE INDEX "COMP214F16_001_P_17"."BRIDGE_PK" ON "COMP214F16_001_P_17"."RECIPEANDINGREDIENT" ("BRIDGEID") 
  PCTFREE 10 INITRANS 2 MAXTRANS 255 COMPUTE STATISTICS 
  STORAGE(INITIAL 65536 NEXT 1048576 MINEXTENTS 1 MAXEXTENTS 2147483645
  PCTINCREASE 0 FREELISTS 1 FREELIST GROUPS 1
  BUFFER_POOL DEFAULT FLASH_CACHE DEFAULT CELL_FLASH_CACHE DEFAULT)
  TABLESPACE "USERS" ;
--------------------------------------------------------
--  DDL for Index SYS_C00128413
--------------------------------------------------------

  CREATE UNIQUE INDEX "COMP214F16_001_P_17"."SYS_C00128413" ON "COMP214F16_001_P_17"."RECIPE" ("RECIPEID") 
  PCTFREE 10 INITRANS 2 MAXTRANS 255 COMPUTE STATISTICS 
  STORAGE(INITIAL 65536 NEXT 1048576 MINEXTENTS 1 MAXEXTENTS 2147483645
  PCTINCREASE 0 FREELISTS 1 FREELIST GROUPS 1
  BUFFER_POOL DEFAULT FLASH_CACHE DEFAULT CELL_FLASH_CACHE DEFAULT)
  TABLESPACE "USERS" ;
--------------------------------------------------------
--  DDL for Index SYS_C00128418
--------------------------------------------------------

  CREATE UNIQUE INDEX "COMP214F16_001_P_17"."SYS_C00128418" ON "COMP214F16_001_P_17"."INGREDIENTS" ("INGREDIENTID") 
  PCTFREE 10 INITRANS 2 MAXTRANS 255 COMPUTE STATISTICS 
  STORAGE(INITIAL 65536 NEXT 1048576 MINEXTENTS 1 MAXEXTENTS 2147483645
  PCTINCREASE 0 FREELISTS 1 FREELIST GROUPS 1
  BUFFER_POOL DEFAULT FLASH_CACHE DEFAULT CELL_FLASH_CACHE DEFAULT)
  TABLESPACE "USERS" ;
--------------------------------------------------------
--  DDL for Index SYS_C00131798
--------------------------------------------------------

  CREATE UNIQUE INDEX "COMP214F16_001_P_17"."SYS_C00131798" ON "COMP214F16_001_P_17"."INGREDIENTS_NEW" ("INGREDIENTID") 
  PCTFREE 10 INITRANS 2 MAXTRANS 255 COMPUTE STATISTICS 
  STORAGE(INITIAL 65536 NEXT 1048576 MINEXTENTS 1 MAXEXTENTS 2147483645
  PCTINCREASE 0 FREELISTS 1 FREELIST GROUPS 1
  BUFFER_POOL DEFAULT FLASH_CACHE DEFAULT CELL_FLASH_CACHE DEFAULT)
  TABLESPACE "USERS" ;
--------------------------------------------------------
--  DDL for Index SYS_C00131800
--------------------------------------------------------

  CREATE UNIQUE INDEX "COMP214F16_001_P_17"."SYS_C00131800" ON "COMP214F16_001_P_17"."USERS" ("USERID") 
  PCTFREE 10 INITRANS 2 MAXTRANS 255 COMPUTE STATISTICS 
  STORAGE(INITIAL 65536 NEXT 1048576 MINEXTENTS 1 MAXEXTENTS 2147483645
  PCTINCREASE 0 FREELISTS 1 FREELIST GROUPS 1
  BUFFER_POOL DEFAULT FLASH_CACHE DEFAULT CELL_FLASH_CACHE DEFAULT)
  TABLESPACE "USERS" ;
--------------------------------------------------------
--  DDL for Index SYS_C00130942
--------------------------------------------------------

  CREATE UNIQUE INDEX "COMP214F16_001_P_17"."SYS_C00130942" ON "COMP214F16_001_P_17"."CATEGORIES" ("CATEGORYID") 
  PCTFREE 10 INITRANS 2 MAXTRANS 255 COMPUTE STATISTICS 
  STORAGE(INITIAL 65536 NEXT 1048576 MINEXTENTS 1 MAXEXTENTS 2147483645
  PCTINCREASE 0 FREELISTS 1 FREELIST GROUPS 1
  BUFFER_POOL DEFAULT FLASH_CACHE DEFAULT CELL_FLASH_CACHE DEFAULT)
  TABLESPACE "USERS" ;
--------------------------------------------------------
--  Constraints for Table RECIPE
--------------------------------------------------------

  ALTER TABLE "COMP214F16_001_P_17"."RECIPE" MODIFY ("RECIPENAME" NOT NULL ENABLE);
  ALTER TABLE "COMP214F16_001_P_17"."RECIPE" MODIFY ("AUTHORNAME" NOT NULL ENABLE);
  ALTER TABLE "COMP214F16_001_P_17"."RECIPE" MODIFY ("SERVINGNUMBER" NOT NULL ENABLE);
  ALTER TABLE "COMP214F16_001_P_17"."RECIPE" MODIFY ("DESCRIPTION" NOT NULL ENABLE);
  ALTER TABLE "COMP214F16_001_P_17"."RECIPE" ADD PRIMARY KEY ("RECIPEID")
  USING INDEX PCTFREE 10 INITRANS 2 MAXTRANS 255 COMPUTE STATISTICS 
  STORAGE(INITIAL 65536 NEXT 1048576 MINEXTENTS 1 MAXEXTENTS 2147483645
  PCTINCREASE 0 FREELISTS 1 FREELIST GROUPS 1
  BUFFER_POOL DEFAULT FLASH_CACHE DEFAULT CELL_FLASH_CACHE DEFAULT)
  TABLESPACE "USERS"  ENABLE;
--------------------------------------------------------
--  Constraints for Table RECIPE2
--------------------------------------------------------

  ALTER TABLE "COMP214F16_001_P_17"."RECIPE2" MODIFY ("RECIPENAME" NOT NULL ENABLE);
  ALTER TABLE "COMP214F16_001_P_17"."RECIPE2" MODIFY ("USERID" NOT NULL ENABLE);
  ALTER TABLE "COMP214F16_001_P_17"."RECIPE2" MODIFY ("CATEGORYID" NOT NULL ENABLE);
--------------------------------------------------------
--  Constraints for Table RECIPEANDINGREDIENT
--------------------------------------------------------

  ALTER TABLE "COMP214F16_001_P_17"."RECIPEANDINGREDIENT" ADD CONSTRAINT "BRIDGE_PK" PRIMARY KEY ("BRIDGEID")
  USING INDEX PCTFREE 10 INITRANS 2 MAXTRANS 255 COMPUTE STATISTICS 
  STORAGE(INITIAL 65536 NEXT 1048576 MINEXTENTS 1 MAXEXTENTS 2147483645
  PCTINCREASE 0 FREELISTS 1 FREELIST GROUPS 1
  BUFFER_POOL DEFAULT FLASH_CACHE DEFAULT CELL_FLASH_CACHE DEFAULT)
  TABLESPACE "USERS"  ENABLE;
  ALTER TABLE "COMP214F16_001_P_17"."RECIPEANDINGREDIENT" MODIFY ("BRIDGEID" NOT NULL ENABLE);
--------------------------------------------------------
--  Constraints for Table RECIPES
--------------------------------------------------------

  ALTER TABLE "COMP214F16_001_P_17"."RECIPES" ADD CONSTRAINT "RECIPES_ID_PK" PRIMARY KEY ("RECIPEID")
  USING INDEX PCTFREE 10 INITRANS 2 MAXTRANS 255 COMPUTE STATISTICS 
  STORAGE(INITIAL 65536 NEXT 1048576 MINEXTENTS 1 MAXEXTENTS 2147483645
  PCTINCREASE 0 FREELISTS 1 FREELIST GROUPS 1
  BUFFER_POOL DEFAULT FLASH_CACHE DEFAULT CELL_FLASH_CACHE DEFAULT)
  TABLESPACE "USERS"  ENABLE;
  ALTER TABLE "COMP214F16_001_P_17"."RECIPES" MODIFY ("RECIPENAME" NOT NULL ENABLE);
  ALTER TABLE "COMP214F16_001_P_17"."RECIPES" MODIFY ("USERID" NOT NULL ENABLE);
  ALTER TABLE "COMP214F16_001_P_17"."RECIPES" MODIFY ("CATEGORYID" NOT NULL ENABLE);
--------------------------------------------------------
--  Constraints for Table INGREDIENTS
--------------------------------------------------------

  ALTER TABLE "COMP214F16_001_P_17"."INGREDIENTS" MODIFY ("RECIPEID" NOT NULL ENABLE);
  ALTER TABLE "COMP214F16_001_P_17"."INGREDIENTS" MODIFY ("INGREDIENTNAME" NOT NULL ENABLE);
  ALTER TABLE "COMP214F16_001_P_17"."INGREDIENTS" MODIFY ("QUANTITY" NOT NULL ENABLE);
  ALTER TABLE "COMP214F16_001_P_17"."INGREDIENTS" MODIFY ("UNITNAME" NOT NULL ENABLE);
  ALTER TABLE "COMP214F16_001_P_17"."INGREDIENTS" ADD PRIMARY KEY ("INGREDIENTID")
  USING INDEX PCTFREE 10 INITRANS 2 MAXTRANS 255 COMPUTE STATISTICS 
  STORAGE(INITIAL 65536 NEXT 1048576 MINEXTENTS 1 MAXEXTENTS 2147483645
  PCTINCREASE 0 FREELISTS 1 FREELIST GROUPS 1
  BUFFER_POOL DEFAULT FLASH_CACHE DEFAULT CELL_FLASH_CACHE DEFAULT)
  TABLESPACE "USERS"  ENABLE;
--------------------------------------------------------
--  Constraints for Table INGREDIENTS_NEW
--------------------------------------------------------

  ALTER TABLE "COMP214F16_001_P_17"."INGREDIENTS_NEW" ADD PRIMARY KEY ("INGREDIENTID")
  USING INDEX PCTFREE 10 INITRANS 2 MAXTRANS 255 COMPUTE STATISTICS 
  STORAGE(INITIAL 65536 NEXT 1048576 MINEXTENTS 1 MAXEXTENTS 2147483645
  PCTINCREASE 0 FREELISTS 1 FREELIST GROUPS 1
  BUFFER_POOL DEFAULT FLASH_CACHE DEFAULT CELL_FLASH_CACHE DEFAULT)
  TABLESPACE "USERS"  ENABLE;
  ALTER TABLE "COMP214F16_001_P_17"."INGREDIENTS_NEW" MODIFY ("INGREDIENTNAME" NOT NULL ENABLE);
--------------------------------------------------------
--  Constraints for Table USERS
--------------------------------------------------------

  ALTER TABLE "COMP214F16_001_P_17"."USERS" ADD PRIMARY KEY ("USERID")
  USING INDEX PCTFREE 10 INITRANS 2 MAXTRANS 255 COMPUTE STATISTICS 
  STORAGE(INITIAL 65536 NEXT 1048576 MINEXTENTS 1 MAXEXTENTS 2147483645
  PCTINCREASE 0 FREELISTS 1 FREELIST GROUPS 1
  BUFFER_POOL DEFAULT FLASH_CACHE DEFAULT CELL_FLASH_CACHE DEFAULT)
  TABLESPACE "USERS"  ENABLE;
--------------------------------------------------------
--  Constraints for Table CATEGORIES
--------------------------------------------------------

  ALTER TABLE "COMP214F16_001_P_17"."CATEGORIES" ADD PRIMARY KEY ("CATEGORYID")
  USING INDEX PCTFREE 10 INITRANS 2 MAXTRANS 255 COMPUTE STATISTICS 
  STORAGE(INITIAL 65536 NEXT 1048576 MINEXTENTS 1 MAXEXTENTS 2147483645
  PCTINCREASE 0 FREELISTS 1 FREELIST GROUPS 1
  BUFFER_POOL DEFAULT FLASH_CACHE DEFAULT CELL_FLASH_CACHE DEFAULT)
  TABLESPACE "USERS"  ENABLE;
  ALTER TABLE "COMP214F16_001_P_17"."CATEGORIES" MODIFY ("CATEGORYNAME" NOT NULL ENABLE);
--------------------------------------------------------
--  Ref Constraints for Table RECIPES
--------------------------------------------------------

  ALTER TABLE "COMP214F16_001_P_17"."RECIPES" ADD CONSTRAINT "RECIPES_CATEID_FK" FOREIGN KEY ("CATEGORYID")
	  REFERENCES "COMP214F16_001_P_17"."CATEGORIES" ("CATEGORYID") ON DELETE CASCADE DISABLE;
  ALTER TABLE "COMP214F16_001_P_17"."RECIPES" ADD CONSTRAINT "RECIPES_USER_FK" FOREIGN KEY ("USERID")
	  REFERENCES "COMP214F16_001_P_17"."USERS" ("USERID") ON DELETE CASCADE ENABLE;
--------------------------------------------------------
--  Ref Constraints for Table INGREDIENTS
--------------------------------------------------------

  ALTER TABLE "COMP214F16_001_P_17"."INGREDIENTS" ADD CONSTRAINT "INGREDIENTS_FK" FOREIGN KEY ("RECIPEID")
	  REFERENCES "COMP214F16_001_P_17"."RECIPE" ("RECIPEID") ON DELETE CASCADE ENABLE;
--------------------------------------------------------
--  DDL for Trigger INSERT_HIST
--------------------------------------------------------

  CREATE OR REPLACE EDITIONABLE TRIGGER "COMP214F16_001_P_17"."INSERT_HIST" 
after update or insert on recipes
for each row
Declare
 Date1 DATE;
Begin
insert into recipes_hist values(:NEW.RECIPEID,:NEW.RECIPENAME,:NEW.USERID,:NEW.CATEGORYID,
:NEW.COOKINGTIME,:NEW.SERVINGTIME,:NEW.DESCRIPTION,sysdate);
END;
/
ALTER TRIGGER "COMP214F16_001_P_17"."INSERT_HIST" ENABLE;
--------------------------------------------------------
--  DDL for Function INGREDIENT_ID
--------------------------------------------------------

  CREATE OR REPLACE EDITIONABLE FUNCTION "COMP214F16_001_P_17"."INGREDIENT_ID" 
(ingredient_name in varchar)
return number
as
id1 number;
BEGIN
select INGREDIENTID into id1 from INGREDIENTS where INGREDIENTNAME = ingredient_name;
return id1;
END;

/
--------------------------------------------------------
--  DDL for Function USERS_ID
--------------------------------------------------------

  CREATE OR REPLACE EDITIONABLE FUNCTION "COMP214F16_001_P_17"."USERS_ID" 
(USER_NAME in varchar)
return number
as
id1 number;
BEGIN
select USERID into id1 from users where USERNAME = USER_NAME;
return id1;
END;

/
--------------------------------------------------------
--  DDL for Function CAT_ID
--------------------------------------------------------

  CREATE OR REPLACE EDITIONABLE FUNCTION "COMP214F16_001_P_17"."CAT_ID" 
(CAT_NAME in varchar)
return number
as
id1 number;
BEGIN
select CATEGORYID into id1 from CATEGORIES where CATEGORYNAME = CAT_NAME;
return id1;
END;

/
--------------------------------------------------------
--  DDL for Procedure RECIPE_INSERT
--------------------------------------------------------
set define off;

  CREATE OR REPLACE EDITIONABLE PROCEDURE "COMP214F16_001_P_17"."RECIPE_INSERT" 
(
       recipename IN VARCHAR2,
cookingtime IN VARCHAR2,
SERVINGNUMBER IN VARCHAR2,
        DES1 IN VARCHAR2,
RECID OUT NUMBER
)
IS
BEGIN
      INSERT INTO recipes VALUES (RECIPEID.NEXTVAL,recipename,'3001','5001',cookingtime,SERVINGNUMBER,DES1);
SELECT RECIPEID INTO RECID FROM RECIPES WHERE RECIPENAME=recipename and rownum<2;
END;

/
--------------------------------------------------------
--  DDL for Procedure RECIPE_UPDATE
--------------------------------------------------------
set define off;

  CREATE OR REPLACE EDITIONABLE PROCEDURE "COMP214F16_001_P_17"."RECIPE_UPDATE" 
(
       recipename1 IN VARCHAR2,
cookingtime1 IN VARCHAR2,
SERVINGNUMBER1 IN VARCHAR2,
        DES1 IN VARCHAR2
)
IS
BEGIN
      update recipe2 set recipename=recipename1,cookingtime=cookingtime1,SERVINGTIME=SERVINGNUMBER1,DESCRIPTION=DES1;
END;

/
--------------------------------------------------------
--  DDL for Procedure RECIPE_UPDATE2
--------------------------------------------------------
set define off;

  CREATE OR REPLACE EDITIONABLE PROCEDURE "COMP214F16_001_P_17"."RECIPE_UPDATE2" 
(
       recipename1 IN VARCHAR2,
cookingtime1 IN VARCHAR2,
SERVINGNUMBER1 IN VARCHAR2,
        DES1 IN VARCHAR2,
CATE IN VARCHAR2,
ID1  IN VARCHAR2
)
IS
BEGIN
      update recipes set recipename=recipename1,cookingtime=cookingtime1,SERVINGTIME=SERVINGNUMBER1,DESCRIPTION=DES1,CATEGORYID=CATE where userid=ID1;
END;

/
